Проверка;Название;Слой;Раздел;Аналитика;Разработка;Родители (прямые, без неявного допуска);Дочерние (прямые);Потомков при жёстком правиле;Потомков при смягчённом правиле;Предков при жёстком правиле;Предков при смягчённом правиле
IFC-96;Комплект в контейнере TRM;0;Комплект (не IFC);готово;готово;—;IFC-01, IFC-05, IFC-11–19, IFC-86, IFC-74;65;63;0;0
IFC-01;Формат IFC4 RV, схема, файл читается;1;ЦИМ ПС, АР и БФ;нужно согласовать;готово;IFC-96;IFC-11–19, IFC-03, IFC-93;60;59;1;1
IFC-05;XML-ведомость ЦИМ АГР;1;Комплект (не IFC);готово;готово;IFC-96;IFC-89, IFC-91, IFC-103;3;0;1;0
IFC-74;Аннотации: состав и формат передачи;1;Комплект (не IFC);отложено;нет;IFC-96;IFC-75, IFC-76;2;2;1;1
IFC-11–19;Структура имени файла;2;ЦИМ ПС, АР и БФ;готово;в процессе MR;IFC-96, IFC-01;IFC-94, IFC-45, IFC-92, IFC-46, IFC-02, IFC-88.1, IFC-88.2, IFC-50, IFC-51, IFC-52, IFC-97, IFC-98, IFC-101, IFC-47, IFC-99, IFC-100, IFC-60, IFC-64, IFC-65/66, IFC-68, IFC-70, IFC-71, IFC-104, IFC-106, IFC-107, IFC-110, IFC-111, IFC-40/41, IFC-95;38;0;2;2
IFC-93;Топология геометрии (non-manifold);2;ЦИМ ПС, АР и БФ;готово;нет;IFC-01;IFC-26, IFC-88.1, IFC-88.2, IFC-88.3, IFC-42;6;4;2;2
IFC-25;Единицы измерения (мм, м², м³);2;ЦИМ ПС, АР и БФ;готово;в процессе MR;—;IFC-26, IFC-03, IFC-22, IFC-24, IFC-88.2, IFC-88.3;9;3;2;2
IFC-28;Уровни этажей и их отметки;2;ЦИМ ПС, АР и БФ;готово;готово;—;IFC-29, IFC-30, IFC-35–39, IFC-43;9;0;2;2
IFC-72;Наличие и имена RusSet_;2;ЦИМ ПС, АР и БФ;готово;в процессе MR;—;IFC-59, IFC-70, IFC-71, IFC-102, IFC-104, IFC-105, IFC-106, IFC-107, IFC-110, IFC-111, IFC-108, IFC-109;18;0;2;2
IFC-73;Атрибуты RUS_ слитно;2;ЦИМ ПС, АР и БФ;готово;в процессе MR;—;IFC-59, IFC-70, IFC-71, IFC-102, IFC-104, IFC-105, IFC-106, IFC-107, IFC-110, IFC-111;14;0;2;2
IFC-112;Код МССК схожего назначения;2;ЦИМ ПС и АР;нет;нет;—;IFC-59, IFC-70;7;0;2;2
IFC-75;Аннотации: GUID, имена, связь .bcf–.bcfv;2;Комплект (не IFC);отложено;нет;IFC-74;—;0;0;2;2
IFC-76;Наименование проекций сечений;2;Комплект (не IFC);отложено;нет;IFC-74;—;0;0;2;2
IFC-94;Уникальность GlobalId;3;ЦИМ ПС, АР и БФ;в работе;нет;IFC-11–19;IFC-88.1;1;0;3;2
IFC-45;Состав ЦИМ: ПС и АР;3;ЦИМ ПС и АР;готово;готово;IFC-11–19;—;0;0;3;2
IFC-02;Наличие элементов нормативных классов;3;ЦИМ ПС и АР;готово;нет;IFC-11–19;IFC-59, IFC-60, IFC-71, IFC-102, IFC-104, IFC-110;18;0;3;2
IFC-50;Рельеф и вырез под здание;3;ЦИМ ПС;в работе;нет;IFC-11–19;IFC-59, IFC-101;7;0;3;2
IFC-51;Покрытия, газон, площадки;3;ЦИМ ПС;в работе;нет;IFC-11–19;IFC-59, IFC-101, IFC-98;8;0;3;2
IFC-52;Функциональное зонирование;3;ЦИМ ПС;готово;нет;IFC-11–19;IFC-59, IFC-101, IFC-97, IFC-98;10;0;3;2
IFC-47;Граница земельного участка;3;ЦИМ ПС;в работе;нет;IFC-11–19;IFC-59, IFC-99;8;0;3;2
IFC-40/41;Сетка осей;3;ЦИМ ПС, АР и БФ;готово;нет;IFC-11–19;IFC-23;1;1;3;2
IFC-26;Количества = геометрия;3;ЦИМ ПС, АР и БФ;в работе;нет;IFC-25, IFC-93;IFC-27;1;0;4;4
IFC-03;Дубли геометрии и положения;3;ЦИМ ПС, АР и БФ;готово;нет;IFC-01, IFC-25;IFC-88.2;1;1;3;2
IFC-22;Единая СК и угол поворота;3;ЦИМ ПС, АР и БФ;в работе;нет;IFC-25;IFC-88.1, IFC-42;3;1;3;2
IFC-24;Привязка к местности (МСК-77);3;ЦИМ ПС, АР и БФ;в работе;нет;IFC-25;—;0;0;3;2
IFC-35–39;Наименование уровня;3;ЦИМ ПС, АР и БФ;готово, есть вопросы;готово, есть вопрос;IFC-28;IFC-46, IFC-100, IFC-29;8;0;3;2
IFC-108;Нет дублей групп и атрибутов;3;ЦИМ ПС, АР и БФ;готово;нет;IFC-72;IFC-59, IFC-70, IFC-71, IFC-102;8;0;3;2
IFC-109;Значения атрибутов без мусора;3;ЦИМ ПС, АР и БФ;готово;нет;IFC-72;IFC-95;14;0;3;2
IFC-60;Состав элементов ЦИМ АР;4;ЦИМ АР;нет;нет;IFC-11–19, IFC-02;IFC-64, IFC-65/66, IFC-68, IFC-100, IFC-71, IFC-106, IFC-107, IFC-105;13;0;4;2
IFC-110;Объёмы зданий другого проекта (ПС);4;ЦИМ ПС;нет;нет;IFC-11–19, IFC-02, IFC-72, IFC-73;—;0;0;6;2
IFC-97;Наземные парковочные места;4;ЦИМ ПС;готово;нет;IFC-11–19, IFC-52;IFC-59, IFC-111;7;0;4;2
IFC-98;Пожарные проезды;4;ЦИМ ПС;готово;нет;IFC-11–19, IFC-52, IFC-51;IFC-59, IFC-101;7;0;5;2
IFC-27;Точность записи количеств;4;ЦИМ ПС, АР и БФ;нет;нет;IFC-26;—;0;0;5;2
IFC-42;Элементы в проектном положении;4;ЦИМ ПС, АР и БФ;нет;нет;IFC-93, IFC-22;IFC-88.1, IFC-88.2;2;0;5;2
IFC-46;1 файл = 1 корпус;4;ЦИМ АР;готово;в процессе MR;IFC-11–19, IFC-35–39;IFC-92;1;0;5;2
IFC-29;Отметка 0,000 у первого этажа;4;ЦИМ ПС, АР и БФ;готово;нет;IFC-28, IFC-35–39;IFC-23, IFC-30;4;0;4;2
IFC-95;Заполненность значений атрибутов;4;ЦИМ ПС и АР;готово;нет;IFC-109, IFC-11–19;IFC-59, IFC-70, IFC-91, IFC-71, IFC-99, IFC-102, IFC-104, IFC-105, IFC-106, IFC-107;13;0;5;2
IFC-64;Назначение здания RUS_FNO;5;ЦИМ АР;готово;нет;IFC-11–19, IFC-60;IFC-90, IFC-106;5;0;5;2
IFC-65/66;Зоны IfcSpace: СПП и общая площадь;5;ЦИМ АР;нет;нет;IFC-11–19, IFC-60;IFC-88.3, IFC-90;5;0;5;2
IFC-68;Наружные ограждающие конструкции;5;ЦИМ АР;нет;нет;IFC-11–19, IFC-60;—;0;0;5;2
IFC-100;Машиноместа в подземном паркинге;5;ЦИМ АР;в работе;нет;IFC-11–19, IFC-35–39, IFC-60;—;0;0;7;2
IFC-111;Парковочные места для инвалидов;5;ЦИМ ПС;нет;нет;IFC-11–19, IFC-97, IFC-72, IFC-73;—;0;0;7;2
IFC-101;Площадь поверхностей по 2D;5;ЦИМ ПС;в работе;нет;IFC-11–19, IFC-50, IFC-51, IFC-52, IFC-98;IFC-90;4;0;7;2
IFC-88.1;Коллизии между разделами;5;ЦИМ ПС, АР и БФ;нет;нет;IFC-93, IFC-22, IFC-42, IFC-94, IFC-11–19;—;0;0;8;4
IFC-88.2;Коллизии внутри раздела;5;ЦИМ ПС, АР и БФ;нет;нет;IFC-25, IFC-93, IFC-03, IFC-42, IFC-11–19;—;0;0;8;5
IFC-92;Разбиение отражено в имени файла;5;ЦИМ АР;нет;нет;IFC-11–19, IFC-46;—;0;0;6;2
IFC-23;Базовая точка: оси 1/А, отметка 0,000;5;ЦИМ ПС, АР и БФ;в работе;нет;IFC-40/41, IFC-29;—;0;0;7;3
IFC-30;Уровни по отметке чистого пола;5;ЦИМ ПС, АР и БФ;в работе;нет;IFC-28, IFC-29;IFC-43;2;0;5;2
IFC-59;Атрибуты ЦИМ ПС (приложение 2);5;ЦИМ ПС;нет;нет;IFC-02, IFC-72, IFC-73, IFC-95, IFC-47, IFC-50, IFC-51, IFC-52, IFC-97, IFC-98, IFC-108, IFC-112;IFC-102, IFC-90;5;0;16;2
IFC-70;Атрибуты ЦИМ АР (приложение 3);5;ЦИМ АР;готово;нет;IFC-11–19, IFC-72, IFC-73, IFC-95, IFC-108, IFC-112;IFC-90;4;0;9;2
IFC-71;Прочие элементы АР (табл. 5.4);5;ЦИМ АР;нет;нет;IFC-11–19, IFC-02, IFC-72, IFC-73, IFC-95, IFC-60, IFC-108;—;0;0;10;2
IFC-99;Реквизиты ГЗК, ГПЗУ, ППТ;5;ЦИМ ПС и АР;готово;нет;IFC-11–19, IFC-95, IFC-47;IFC-90, IFC-107;5;0;7;2
IFC-104;Этап проектирования RUS_Stage;5;ЦИМ АР;нет;нет;IFC-11–19, IFC-02, IFC-72, IFC-73, IFC-95;—;0;0;8;2
IFC-105;Информационные конструкции (вывески);5;ЦИМ АР;нет;нет;IFC-60, IFC-72, IFC-73, IFC-95;IFC-90, IFC-91, IFC-103;4;0;9;2
IFC-106;Помещения квартир: RUS_Group_*;6;ЦИМ АР;нет;нет;IFC-11–19, IFC-60, IFC-72, IFC-73, IFC-95, IFC-64;IFC-90;4;0;10;2
IFC-88.3;Висячие элементы;6;ЦИМ ПС, АР и БФ;нет;нет;IFC-25, IFC-93, IFC-65/66;—;0;0;8;4
IFC-21;Координация файлов (свод);6;ЦИМ ПС, АР и БФ;в работе;нет;—;—;0;0;2;2
IFC-43;Элементы привязаны к уровням;6;ЦИМ ПС, АР и БФ;нет;нет;IFC-28, IFC-30;IFC-86;1;0;6;2
IFC-102;Минимум атрибутов для прочих ПС;6;ЦИМ ПС;нет;сделано без аналитики;IFC-02, IFC-72, IFC-73, IFC-95, IFC-59, IFC-108;—;0;0;17;2
IFC-107;Функциональные зоны по ГПЗУ;6;ЦИМ АР;нет;нет;IFC-11–19, IFC-60, IFC-72, IFC-73, IFC-95, IFC-99;IFC-90;4;0;11;2
IFC-86;ЦИМ и 2D-документация;7;Комплект (не IFC);нет;нет;IFC-96, IFC-43;—;0;0;7;0
IFC-90;Источник ТЭП — атрибуты ЦИМ;7;ЦИМ ПС и АР;нет;пауза;IFC-64, IFC-65/66, IFC-70, IFC-59, IFC-99, IFC-101, IFC-105, IFC-106, IFC-107;IFC-89;3;3;26;2
IFC-89;Возможность формирования ТЭП;8;ЦИМ ПС и АР;нет;пауза;IFC-05, IFC-90;IFC-91, IFC-103;2;2;28;3
IFC-91;Состав ТЭП (табл. 7.1);9;ЦИМ ПС и АР;нет;пауза;IFC-05, IFC-95, IFC-89, IFC-105;—;0;0;29;4
IFC-103;Значения основных ТЭП в XML;9;ЦИМ ПС и АР;нет;нет;IFC-05, IFC-89, IFC-105;—;0;0;29;4
IFC-44;Все параметры заполнены (свод);10;ЦИМ ПС и АР;в работе;нет;—;—;0;0;2;2
